{
  "hash": "19496b63",
  "configHash": "a4bd736e",
  "lockfileHash": "36e11102",
  "browserHash": "1defaf88",
  "optimized": {
    "@angular/core": {
      "src": "../../../../../../node_modules/@angular/core/fesm2022/core.mjs",
      "file": "@angular_core.js",
      "fileHash": "41c5d5e6",
      "needsInterop": false
    },
    "@angular/platform-browser": {
      "src": "../../../../../../node_modules/@angular/platform-browser/fesm2022/platform-browser.mjs",
      "file": "@angular_platform-browser.js",
      "fileHash": "28bc5783",
      "needsInterop": false
    },
    "@angular/router": {
      "src": "../../../../../../node_modules/@angular/router/fesm2022/router.mjs",
      "file": "@angular_router.js",
      "fileHash": "cfa4254c",
      "needsInterop": false
    }
  },
  "chunks": {
    "chunk-OZSRUOYW": {
      "file": "chunk-OZSRUOYW.js"
    },
    "chunk-XEJBNXCQ": {
      "file": "chunk-XEJBNXCQ.js"
    }
  }
}